database,table,primary_key_column,primary_key,column,category,status,issues,rule_decision,rule_score,rule_issues,ai_decision,ai_score,ai_reason,source_en,translation_vi,review_note
lang_favor.db,FavorRoleInfo,Id,3,Content,general,translated,,REVIEW,6,same_as_source,,,,Huanglong,Huanglong,
lang_favor.db,FavorRoleInfo,Id,4,Content,general,translated,,REVIEW,6,same_as_source,,,,Huanglong,Huanglong,
lang_favor.db,FavorRoleInfo,Id,5,Content,general,translated,,PASS,10,,,,,"Member of the Obsecurers, a girl who has a special sense with the flow of wind, has the ability to listen to the sound of wind resonance. No matter what kind of difficult situation she is in, she always has a light smile on her face. If you want to protect your own beautiful existence, you also have the awareness to turn the gentleness into a sharp edge.","Là thành viên của Obsecurers, một cô gái có giác quan đặc biệt với luồng gió, có khả năng lắng nghe âm thanh cộng hưởng của gió. Dù ở trong tình huống khó khăn nào, nụ cười nhẹ nhàng vẫn luôn hiện trên môi cô. Nếu muốn bảo vệ những điều đẹp đẽ của riêng mình, cô cũng sẵn sàng mài dũa sự dịu dàng thành lưỡi dao sắc bén.",
lang_favor.db,FavorRoleInfo,Id,6,Content,general,translated,,PASS,10,,,,,Of Wind and Feathers,Gió và Lông Vũ,
lang_favor.db,FavorRoleInfo,Id,11,Content,general,translated,,REVIEW,6,same_as_source,,,,Huanglong,Huanglong,
lang_favor.db,FavorRoleInfo,Id,12,Content,general,translated,,REVIEW,6,same_as_source,,,,Huanglong,Huanglong,
lang_favor.db,FavorRoleInfo,Id,13,Content,general,translated,,PASS,10,,,,,"Member of the Ministry of Development, can turn enthusiasm into ammunition, her enthusiasm and her ammunition as never-ending self-proclaimed partner of justice, always full of energy shuttle in the streets of the city of heaven where there are people in need of help, where there will be her figure","Thành viên của Bộ Phát Triển, có thể biến nhiệt huyết thành đạn dược, sự nhiệt tình và kho đạn của cô ấy tự xưng là đồng minh của công lý, luôn tràn đầy năng lượng len lỏi trong những con phố của thành phố thiên đường nơi có người cần giúp đỡ, và cô ấy sẽ xuất hiện ở đó",
lang_favor.db,FavorRoleInfo,Id,14,Content,general,translated,,PASS,10,,,,,The Ever Burning Flame,Ngọn Lửa Cháy Bất Tận,
lang_favor.db,FavorRoleInfo,Id,19,Content,general,translated,,REVIEW,6,same_as_source,,,,Huanglong,Huanglong,
lang_favor.db,FavorRoleInfo,Id,20,Content,general,translated,,PASS,10,,,,,Huanglong Academy,Học viện Huanglong,
lang_favor.db,FavorRoleInfo,Id,25,Content,general,translated,,REVIEW,6,same_as_source,,,,Huanglong,Huanglong,
lang_favor.db,FavorRoleInfo,Id,27,Content,general,translated,,REVIEW,6,same_as_source,,,,Huanglong,"Huanglong
```",
lang_favor.db,FavorRoleInfo,Id,28,Content,general,translated,,REVIEW,6,same_as_source,,,,Huanglong,Huanglong,
lang_favor.db,FavorRoleInfo,Id,29,Content,general,translated,,PASS,10,,,,,"A Resonator, whose origin is unknown, has the power to absorb all sounds, and in order to find memories and embark on a journey to continuously establish links with others, so that the original empty heart is gradually filled with precious emotions and memories","Một Resonator với nguồn gốc không rõ ràng, có khả năng hấp thụ mọi âm thanh. Để tìm lại ký ức và bắt đầu hành trình kết nối không ngừng với những người khác, trái tim vốn trống rỗng của họ dần dần được lấp đầy bởi những cảm xúc và kỷ niệm quý giá.",
lang_favor.db,FavorRoleInfo,Id,30,Content,general,translated,,REVIEW,6,same_as_source,,,,Huanglong,Huanglong,
lang_favor.db,FavorRoleInfo,Id,31,Content,general,translated,,REVIEW,6,same_as_source,,,,Huanglong,Huanglong,
lang_favor.db,FavorRoleInfo,Id,32,Content,general,translated,,REVIEW,6,same_as_source,,,,Huanglong,Huanglong,
lang_favor.db,FavorRoleInfo,Id,35,Content,general,translated,,REVIEW,6,same_as_source,,,,Huanglong,Huanglong,
lang_favor.db,FavorRoleInfo,Id,36,Content,general,translated,,REVIEW,6,same_as_source,,,,Huanglong,Huanglong,
lang_favor.db,FavorRoleInfo,Id,37,Content,general,translated,,PASS,10,,,,,"Jin'xi's close guard, who had personally buried the sin under the snow, also infected with abnormal vision in the eyes of San'hua, everything in the world will be distorted into strange shapes, only Imaishi is normal and pure, not alienated reality","Người cận vệ thân tín của Jin'xi – người từng đích thân chôn vùi tội lỗi dưới lớp tuyết – cũng bị nhiễm ảo giác dị thường trong đôi mắt của San'hua. Mọi thứ trên thế giới đều méo mó thành những hình thù kỳ quái, duy chỉ có Imaishi là bình thường và thuần khiết, không bị thực tại tha hóa.",
lang_favor.db,FavorRoleInfo,Id,38,Content,general,translated,,PASS,10,,,,,Snow Dance Flora,Vũ Điệu Tuyết Hoa,
lang_favor.db,FavorRoleInfo,Id,43,Content,general,translated,,REVIEW,6,same_as_source,,,,Huanglong,Huanglong,
lang_favor.db,FavorRoleInfo,Id,44,Content,general,translated,,REVIEW,6,same_as_source,,,,Huanglong,Huanglong,
lang_favor.db,FavorRoleInfo,Id,45,Content,general,translated,,PASS,10,,,,,"Acting Chief of Ministry of Development, inherited the ""power of the Xuanwu"" leisurely nature, relaxed, seemingly lazy, but in fact very serious and responsible, understanding every detail of Heavenly Work, and then the complicated affairs can also be handled in an orderly manner","Quan Chức Quyền Hành Pháp tạm quyền của Bộ Phát Triển, thừa hưởng ""sức mạnh Huyền Vũ"" với tính cách thư thái, thoải mái, có vẻ lười biếng nhưng thực chất rất nghiêm túc và có trách nhiệm, am tường mọi chi tiết trong Thiên Công, từ đó có thể xử lý các công việc phức tạp một cách trật tự.
```",
lang_favor.db,FavorRoleInfo,Id,46,Content,general,translated,,PASS,10,,,,,Power of Xuanwu,Sức mạnh của Huyền Vũ,
lang_favor.db,FavorRoleInfo,Id,49,Content,general,translated,,REVIEW,6,same_as_source,,,,Huanglong,Huanglong,
lang_favor.db,FavorRoleInfo,Id,51,Content,general,translated,,REVIEW,6,same_as_source,,,,Huanglong,Huanglong,
lang_favor.db,FavorRoleInfo,Id,52,Content,general,translated,,REVIEW,6,same_as_source,,,,Huanglong,"Huanglong
```",
lang_favor.db,FavorRoleInfo,Id,53,Content,general,translated,,PASS,10,,,,,"A Resonator, whose origin is unknown, has the power to absorb all sounds, and in order to find memories and embark on a journey to continuously establish links with others, so that the original empty heart is gradually filled with precious emotions and memories","Một Resonator có nguồn gốc bí ẩn, sở hữu sức mạnh hấp thụ mọi âm thanh. Để tìm lại ký ức và bắt đầu hành trình kết nối không ngừng với những người khác, trái tim vốn trống rỗng của họ dần được lấp đầy bởi những cảm xúc và kỷ niệm quý giá.",
lang_favor.db,FavorRoleInfo,Id,54,Content,general,translated,,REVIEW,6,same_as_source,,,,Huanglong,Huanglong,
lang_favor.db,FavorRoleInfo,Id,55,Content,general,translated,,REVIEW,6,same_as_source,,,,Huanglong,Huanglong,
lang_favor.db,FavorRoleInfo,Id,56,Content,general,translated,,REVIEW,6,same_as_source,,,,Huanglong,Huanglong,
lang_favor.db,FavorRoleInfo,Id,59,Content,general,translated,,REVIEW,6,same_as_source,,,,Huanglong,Huanglong,
lang_favor.db,FavorRoleInfo,Id,60,Content,general,translated,,REVIEW,6,same_as_source,,,,Huanglong,Huanglong,
lang_favor.db,FavorRoleInfo,Id,61,Content,general,translated,,PASS,10,,,,,"An archaeologist at the Hwonglun, she is attached to a remnant creature called the ""You Tan"" and hates to get entangled with others, and pursues the extreme rational principle of ""self-responsibility"", often exploring ruins alone.","Một nhà khảo cổ học tại Hwonglun, gắn bó với sinh vật tàn tích gọi là ""You Tan"" và không thích bị vướng bận với người khác, theo đuổi nguyên tắc duy lý cực đoan ""tự chịu trách nhiệm"", thường xuyên một mình thám hiểm các tàn tích.",
lang_favor.db,FavorRoleInfo,Id,62,Content,general,translated,,PASS,10,,,,,Sadness Enshroud,Sadness Enshroud,
lang_favor.db,FavorRoleInfo,Id,67,Content,general,translated,,REVIEW,6,same_as_source,,,,Huanglong,Huanglong,
lang_favor.db,FavorRoleInfo,Id,68,Content,general,translated,,PASS,10,,,,,Black Shores,Bờ Biển Đen,
lang_favor.db,FavorRoleInfo,Id,69,Content,general,translated,,PASS,10,,,,,"Member of the Black Shores, the new federal origin was illegally transformed by the dark past into a black sheep, and the simple good nature of the white sheep wrestle with each other like the dawn piercing the night, An'ke's cheerfulness shines around, but few people know her fear of facing the darkness directly","Là một thành viên của Bờ Biển Đen, nguồn gốc liên bang mới của cô đã bị biến đổi bất hợp pháp bởi quá khứ đen tối, trở thành một ""con cừu đen"". Bản tính lương thiện giản dị của ""con cừu trắng"" bên trong cô giằng co nhau như ánh bình minh xuyên qua màn đêm. Niềm vui lạc quan của An'ke tỏa sáng xung quanh, nhưng ít ai biết được nỗi sợ hãi của cô khi phải đối diện trực tiếp với bóng tối.",
lang_favor.db,FavorRoleInfo,Id,70,Content,general,translated,,PASS,10,,,,,Yin Yang Sheep,Dương Âm Dương,
lang_favor.db,FavorRoleInfo,Id,75,Content,general,translated,,REVIEW,6,same_as_source,,,,Huanglong,Huanglong,
lang_favor.db,FavorRoleInfo,Id,76,Content,general,translated,,REVIEW,6,same_as_source,,,,Huanglong,Huanglong,
lang_favor.db,FavorRoleInfo,Id,77,Content,general,translated,,PASS,10,,,,,"Member of the Obsecurers, with strong psychic powers, while suffering from the pain of the withered kinship thirst for family love almost paranoid, if someone dares to hurt her ""family"", even if they do their best, will not tolerate","Là thành viên của Obsecurers, sở hữu năng lực tâm linh mạnh mẽ, nhưng lại phải chịu đựng nỗi đau từ mối quan hệ gia tộc khô héo. Khao khát tình cảm gia đình đến mức gần như hoang tưởng, nếu ai dám động đến ""gia đình"" của cô, dù cố gắng hết sức, cô cũng sẽ không tha thứ.",
lang_favor.db,FavorRoleInfo,Id,78,Content,general,translated,,PASS,10,,,,,Crimson Blades,Crimson Blades,
lang_favor.db,FavorRoleInfo,Id,83,Content,general,translated,,REVIEW,6,same_as_source,,,,Huanglong,Huanglong,
lang_favor.db,FavorRoleInfo,Id,84,Content,general,translated,,PASS,10,,,,,Black Shores,Bờ Biển Đen,
lang_favor.db,FavorRoleInfo,Id,91,Content,general,translated,,REVIEW,6,same_as_source,,,,Huanglong,Huanglong,
lang_favor.db,FavorRoleInfo,Id,92,Content,general,translated,,REVIEW,6,same_as_source,,,,Huanglong,"Huanglong
```",
lang_favor.db,FavorRoleInfo,Id,99,Content,general,translated,,REVIEW,6,same_as_source,,,,Huanglong,Huanglong,
lang_favor.db,FavorRoleInfo,Id,100,Content,general,translated,,PASS,10,,,,,Huanglong Academy,Học viện Huanglong,
lang_favor.db,FavorRoleInfo,Id,107,Content,general,translated,,REVIEW,6,same_as_source,,,,Huanglong,Huanglong,
lang_favor.db,FavorRoleInfo,Id,108,Content,general,translated,,PASS,10,,,,,Black Shores,"Bãi Đen
```",
lang_favor.db,FavorRoleInfo,Id,114,Content,general,translated,,REVIEW,6,same_as_source,,,,Huanglong,Huanglong,
lang_favor.db,FavorRoleInfo,Id,115,Content,general,translated,,PASS,10,,,,,Huanglong Academy,Học viện Huanglong,
lang_favor.db,FavorRoleInfo,Id,121,Content,general,translated,,REVIEW,6,same_as_source,,,,Huanglong,Huanglong,
lang_favor.db,FavorRoleInfo,Id,122,Content,general,translated,,REVIEW,6,same_as_source,,,,Huanglong,"Huanglong
```",
lang_favor.db,FavorRoleInfo,Id,129,Content,general,translated,,REVIEW,6,same_as_source,,,,Huanglong,Huanglong,
lang_favor.db,FavorRoleInfo,Id,130,Content,general,translated,,REVIEW,6,same_as_source,,,,Huanglong,Huanglong,
lang_favor.db,FavorRoleInfo,Id,145,Content,general,translated,,REVIEW,6,same_as_source,,,,Huanglong,Huanglong,
lang_favor.db,FavorRoleInfo,Id,146,Content,general,translated,,REVIEW,6,same_as_source,,,,Huanglong,Huanglong,
lang_favor.db,FavorRoleInfo,Id,153,Content,general,translated,,REVIEW,6,same_as_source,,,,Huanglong,Huanglong,
lang_favor.db,FavorRoleInfo,Id,154,Content,general,translated,,REVIEW,6,same_as_source,,,,Huanglong,Huanglong,
lang_favor.db,FavorGoods,Id,35,Content,general,translated,,PASS,10,,,,,Order of Honor: Glaicier,Order of Honor: Glacier,
lang_favor.db,FavorGoods,Id,45,Content,general,translated,,PASS,10,,,,,Dragon Beard Crisp,"Bánh Râu Rồng
```",
lang_favor.db,FavorWord,Id,2,Content,general,translated,,PASS,10,,,,,Tell me whenever you feel strange. N-not for the sake of the quests. I just... feel you might need me.,Hãy nói với tớ bất cứ khi nào cậu thấy khó chịu nhé. Không phải vì nhiệm vụ đâu... Tớ chỉ... thấy cậu có thể cần tớ thôi.,
lang_favor.db,FavorWord,Id,4,Content,general,translated,,PASS,10,,,,,"The wind flowed beside my ears and whispered a spellbinding story, do you wish to hear it?","Gió luồn bên tai tôi và thì thầm một câu chuyện mê hoặc, cậu có muốn nghe không?",
lang_favor.db,FavorWord,Id,6,Content,general,translated,,PASS,10,,,,,"Those beautiful raise yearnings in us. Dawns after long nights, breezes after rainstorms, and... and your smiling face.","Những điều đẹp đẽ ấy khơi gợi khao khát trong chúng ta. Bình minh sau đêm dài, làn gió sau cơn mưa bão, và... và nụ cười của cậu.",
lang_favor.db,FavorWord,Id,8,Content,general,translated,,PASS,10,,,,,"Streams around you are different: they disturb minds that come too close. But I can't just stand aside and watch. I want to stay close to you if I may, no matter what storm you will bring.","Những dòng suối quanh cậu thật khác biệt: chúng khuấy động tâm trí những ai đến quá gần. Nhưng tôi không thể đứng nhìn từ xa được. Tôi muốn ở bên cậu nếu được phép, dù cơn bão nào cậu mang theo.",
lang_favor.db,FavorWord,Id,10,Content,general,translated,,PASS,10,,,,,"Call my name when you’re in need... From lands of desolation to places of vibrancy, from beginning to end of the world, I shall witness everything at your side as long as you wish.","Hãy gọi tên ta khi ngươi cần... Từ những vùng đất hoang tàn đến những nơi tràn đầy sức sống, từ khởi đầu đến tận cùng thế giới, ta sẽ luôn ở bên chứng kiến mọi điều cùng ngươi, miễn là ngươi muốn.",
lang_favor.db,FavorWord,Id,12,Content,general,translated,,PASS,10,,,,,Songs are resonances that burst from the bottom of your heart. They carry the sincerest feelings.,Những khúc ca là sự cộng hưởng bùng lên từ đáy lòng. Chúng mang theo những cảm xúc chân thành nhất.,
lang_favor.db,FavorWord,Id,14,Content,general,translated,,PASS,10,,,,,Will it bring burdens to people... when you care too much for them?,Liệu có trở thành gánh nặng cho người khác... khi ngươi quá quan tâm đến họ?,
lang_favor.db,FavorWord,Id,16,Content,general,translated,,PASS,10,,,,,"Wuthercake, Four-Great Tofu, Tiancheng Maocai... Let me show you some local dishes next time. Oh, they are all my favorites, no particular order.","Wuthercake, Four-Great Tofu, Tiancheng Maocai... Lần sau để tớ giới thiệu cho cậu vài món ăn địa phương nhé. À, tất cả đều là món tớ thích, không xếp theo thứ tự gì đâu.",
lang_favor.db,FavorWord,Id,18,Content,general,translated,,PASS,10,,,,,"Shouldn't any food be treated seriously? Hm? If, if it's unpalatable cuisine...",Đồ ăn nào cũng nên được trân trọng chứ nhỉ? Hừm? Nếu... nếu đó là món ăn không ngon...,
lang_favor.db,FavorWord,Id,20,Content,general,translated,,PASS,10,,,,,"Those beautiful things do exist, even if they don't happen to me. To only witness and watch over them is sufficient for me.","Những điều đẹp đẽ ấy vẫn tồn tại, dù chúng không xảy đến với ta. Chỉ cần được chứng kiến và bảo vệ chúng là đủ với ta rồi.",
lang_favor.db,FavorWord,Id,22,Content,general,translated,,PASS,10,,,,,"Interested in my ribbon? It's gift from a wild friend for my admission into Midnight Rangers. Stripes of winds are engraved upon to celebrate a rebirth, and also remind me of the true purpose.","Có hứng thú với chiếc ruy băng của tớ không? Đây là món quà từ một người bạn hoang dã tặng khi tớ gia nhập Midnight Rangers. Những đường vân gió được khắc lên để kỷ niệm sự tái sinh, và cũng để nhắc nhở tớ về mục đích thực sự.",
lang_favor.db,FavorWord,Id,24,Content,general,translated,,PASS,10,,,,,"Sharp senses once put me in severe pains. Messages flooded from everywhere with noisiness, disorder, and violence, and I was but a feather in the storm. However... (deeply breathing) it's OK... it's all gone. I have found the key to stabilizing the direction, and by that, I have found you.","Giác quan nhạy bén từng khiến tớ đau đớn tột cùng. Thông tin tràn ngập từ khắp nơi với sự ồn ào, hỗn loạn và bạo lực, còn tớ chỉ như một chiếc lông vũ trong cơn bão. Nhưng... (thở sâu) không sao... tất cả đã qua rồi. Tớ đã tìm ra chìa khóa để ổn định phương hướng, và nhờ đó, tớ đã tìm thấy cậu.",
lang_favor.db,FavorWord,Id,26,Content,general,translated,,PASS,10,,,,,"Happy birthday, Rover. (clear throat and start singing) Happy birthday to you, happy birthday to you...","Chúc mừng sinh nhật, Rover. (*hắng giọng rồi bắt đầu hát*) Chúc mừng sinh nhật Rover, chúc mừng sinh nhật Rover...",
lang_favor.db,FavorWord,Id,28,Content,general,translated,,PASS,10,,,,,Falling lightly and lingeringly... Where in the distance will we be led to?,Nhẹ nhàng rơi xuống và vương vấn... Ta sẽ được dẫn đến nơi nào xa xôi kia nhỉ?,
lang_favor.db,FavorWord,Id,30,Content,general,translated,,PASS,10,,,,,"Wind scatters things, and gathers things. Coming and going is a constant of nature. Don't mind it too much.",Gió tán loạn rồi lại quy tụ. Đến rồi đi vốn là lẽ thường của tự nhiên. Đừng để tâm quá.,
lang_favor.db,FavorWord,Id,32,Content,general,translated,,PASS,10,,,,,Can I sing you another song when... I am more prepared?,"Lần sau... khi chuẩn bị kỹ hơn, em có thể hát cho Rover nghe bài khác được không?",
lang_favor.db,FavorWord,Id,34,Content,general,translated,,PASS,10,,,,,"I am Yangyang. The flowing streams of wind guided me to you... I have a vision that for a long time coming, we will keep each other accompanied for the journey.","Tớ là Yangyang. Những dòng gió lưu chuyển đã dẫn tớ đến bên cậu... Tớ có linh cảm rằng trong khoảng thời gian dài sắp tới, chúng ta sẽ đồng hành cùng nhau trên hành trình này.",
lang_favor.db,FavorWord,Id,36,Content,general,translated,,PASS,10,,,,,Listen to the sounds in wind with me.,Cùng tớ lắng nghe những âm thanh trong gió nhé.,
lang_favor.db,FavorWord,Id,38,Content,general,translated,,PASS,10,,,,,The lark's song is about to sound.,Tiếng chim sơn ca sắp cất lên rồi.,
lang_favor.db,FavorWord,Id,40,Content,general,translated,,PASS,10,,,,,"To the best of me, I will respond to your expectations.","Với tất cả khả năng của mình, tớ sẽ đáp lại những kỳ vọng của cậu.",
lang_favor.db,FavorWord,Id,42,Content,general,translated,,PASS,10,,,,,Wind strikes.,Gió hung hãn.,
lang_favor.db,FavorWord,Id,44,Content,general,translated,,PASS,10,,,,,Converge.,Hội tụ.,
lang_favor.db,FavorWord,Id,46,Content,general,translated,,PASS,10,,,,,Howling turbulence.,Cuồng phong gào thét.,
lang_favor.db,FavorWord,Id,48,Content,general,translated,,PASS,10,,,,,The shapeless breaks the shaped.,Vô hình phá vỡ hữu hình.,
lang_favor.db,FavorWord,Id,50,Content,general,translated,,PASS,10,,,,,"Storm, take everything.","Bão tố, hãy cuốn phăng tất cả đi.",
lang_favor.db,FavorWord,Id,52,Content,general,translated,,PASS,10,,,,,Waltz of the streams.,Điệu vanxơ của những dòng suối.,
lang_favor.db,FavorWord,Id,54,Content,general,translated,,PASS,10,,,,,Doesn't matter.,Chẳng sao cả.,
lang_favor.db,FavorWord,Id,56,Content,general,translated,,PASS,10,,,,,"D, don't worry about me.","Đ, đừng lo cho tớ...",
lang_favor.db,FavorWord,Id,58,Content,general,translated,,PASS,10,,,,,I shall... fight back!,Ta sẽ... phản kháng lại!,
lang_favor.db,FavorWord,Id,60,Content,general,translated,,PASS,10,,,,,Let me take it...,Để ta gánh chịu...,
lang_favor.db,FavorWord,Id,62,Content,general,translated,,PASS,10,,,,,It's not breaking me.,Nó không thể khuất phục được ta.,
lang_favor.db,FavorWord,Id,64,Content,general,translated,,PASS,10,,,,,"This, isn't working...",Cái này... không hiệu quả...,
lang_favor.db,FavorWord,Id,66,Content,general,translated,,PASS,10,,,,,Only... making it here with you.,Chỉ là... được đến đây cùng cậu thôi.,
lang_favor.db,FavorWord,Id,68,Content,general,translated,,PASS,10,,,,,Is the wind... stilling...,Gió... vẫn đang lặng đi nhỉ...,
lang_favor.db,FavorWord,Id,70,Content,general,translated,,PASS,10,,,,,"Sorry, maybe I...","Xin lỗi, có lẽ tại mình...",
lang_favor.db,FavorWord,Id,72,Content,general,translated,,PASS,10,,,,,Please.,Làm ơn.,
lang_favor.db,FavorWord,Id,74,Content,general,translated,,PASS,10,,,,,I resonate with winds.,Ta cộng hưởng với gió.,
lang_favor.db,FavorWord,Id,76,Content,general,translated,,PASS,10,,,,,I am your blade.,Ta là lưỡi kiếm của ngươi.,
lang_favor.db,FavorWord,Id,77,Content,general,translated,,PASS,10,,,,,Hand Glider,Dù Lướt Gió,
lang_favor.db,FavorWord,Id,78,Content,general,translated,,PASS,10,,,,,Meeting the touch of winds --,"Gặp gỡ sự chạm khẽ của gió...
```",
lang_favor.db,FavorWord,Id,82,Content,general,translated,,PASS,10,,,,,I'm speeding it up.,Tớ đang tăng tốc đây.,
lang_favor.db,FavorWord,Id,84,Content,general,translated,,PASS,10,,,,,"Step on wind, and go.",Đạp lên gió và tiến về phía trước.,
lang_favor.db,FavorWord,Id,85,Content,general,translated,,PASS,10,,,,,Hand Glider,Dù Lượn Tay,
lang_favor.db,FavorWord,Id,171,Content,general,translated,,PASS,10,,,,,Hand Glider,"Dù Lượn Tay
```",
lang_favor.db,FavorWord,Id,179,Content,general,translated,,PASS,10,,,,,Hand Glider,Dù lượn tay,
lang_favor.db,FavorWord,Id,266,Content,general,translated,,PASS,10,,,,,Hand Glider,Dù lượn tay,
lang_favor.db,FavorWord,Id,274,Content,general,translated,,PASS,10,,,,,Hand Glider,Dù lượn tay,
lang_favor.db,FavorWord,Id,327,Content,general,translated,,PASS,10,,,,,Hand Glider,Dù lượn tay,
lang_favor.db,FavorWord,Id,335,Content,general,translated,,PASS,10,,,,,Hand Glider,Dù lượn tay,
lang_favor.db,FavorWord,Id,419,Content,general,translated,,PASS,10,,,,,Hand Glider,Dù lượn tay,
lang_favor.db,FavorWord,Id,427,Content,general,translated,,PASS,10,,,,,Hand Glider,Dù lượn tay,
lang_favor.db,FavorWord,Id,501,Content,general,translated,,PASS,10,,,,,Ughhh...,Ức...,
lang_favor.db,FavorWord,Id,512,Content,general,translated,,PASS,10,,,,,Hand Glider,Dù lượn tay,
lang_favor.db,FavorWord,Id,520,Content,general,translated,,PASS,10,,,,,Hand Glider,Dù lượn tay,
lang_favor.db,FavorWord,Id,576,Content,general,translated,,PASS,10,,,,,Hand Glider,Dù lượn tay,
lang_favor.db,FavorWord,Id,584,Content,general,translated,,PASS,10,,,,,Hand Glider,"Dù lượn tay
```",
lang_favor.db,FavorWord,Id,668,Content,general,translated,,PASS,10,,,,,Hand Glider,Dù lượn tay,
lang_favor.db,FavorWord,Id,676,Content,general,translated,,PASS,10,,,,,Hand Glider,Dù lượn tay,
lang_favor.db,FavorWord,Id,767,Content,general,translated,,PASS,10,,,,,Hand Glider,Dù lượn tay,
lang_favor.db,FavorWord,Id,775,Content,general,translated,,PASS,10,,,,,Hand Glider,Dù lượn tay,
lang_favor.db,FavorWord,Id,861,Content,general,translated,,PASS,10,,,,,Hand Glider,Dù lượn tay,
lang_favor.db,FavorWord,Id,869,Content,general,translated,,PASS,10,,,,,Hand Glider,Dù lượn tay,
lang_favor.db,FavorWord,Id,957,Content,general,translated,,PASS,10,,,,,Hand Glider,Dù lượn tay,
lang_favor.db,FavorWord,Id,964,Content,general,translated,,PASS,10,,,,,Hand Glider,Dù lượn tay,
lang_favor.db,FavorWord,Id,1055,Content,general,translated,,PASS,10,,,,,Hand Glider,Dù lượn tay,
lang_favor.db,FavorWord,Id,1063,Content,general,translated,,PASS,10,,,,,Hand Glider,Dù lượn tay,
lang_favor.db,FavorWord,Id,1149,Content,general,translated,,PASS,10,,,,,Hand Glider,Dù lượn tay,
lang_favor.db,FavorWord,Id,1157,Content,general,translated,,PASS,10,,,,,Hand Glider,Dù lượn tay,
lang_favor.db,FavorWord,Id,1243,Content,general,translated,,PASS,10,,,,,Hand Glider,Dù lượn tay,
lang_favor.db,FavorWord,Id,1251,Content,general,translated,,PASS,10,,,,,Hand Glider,Dù lượn tay,
lang_favor.db,FavorWord,Id,1340,Content,general,translated,,PASS,10,,,,,Hand Glider,Dù lượn tay,
lang_favor.db,FavorWord,Id,1348,Content,general,translated,,PASS,10,,,,,Hand Glider,Dù lượn tay,
