en_source,vn_translate,loi_du_doan
"Healing effects are raised by {0}%. When normal attacks or charged attacks land, ATK is raised by {1}% for all characters. Lasts for 12 seconds. This can be stacked for max. 5 times.","Hiệu ứng hồi phục được tăng {0}%. Khi Normal Attack hoặc Heavy Attack trúng mục tiêu, ATK của tất cả nhân vật được tăng {1}% trong 12 giây. Hiệu ứng này có thể cộng dồn tối đa 5 lần.",C?n ti?ng Anh nghi v?n: Attack; Heavy; Normal | S? t?/c?m nghi v?n: 4 | T? l? nghi v?n: 0.571 | M?c ??: 25.71
"A weapon specially made for the Midnight Rangers, to commemorate their guard for Tiancheng. A poem appreciates them: ""Look north of the city of lake to Desorocks, steamy rains hinder the the gates.""","Vũ khí đặc biệt được chế tạo cho Midnight Rangers để tưởng nhớ sự bảo vệ của họ dành cho Tiancheng. Một bài thơ ca ngợi họ: ""Nhìn về phía bắc thành phố hồ đến Desorocks, mưa hơi nước cản trở cổng thành.""",C?n ti?ng Anh nghi v?n: Desorocks; Midnight; Rangers; Tiancheng | S? t?/c?m nghi v?n: 4 | T? l? nghi v?n: 0.571 | M?c ??: 17.71
"A weapon specially made for the Midnight Rangers, to commemorate their guard for Tiancheng. A poem appreciates them: ""Look north of the city of lake to Desorocks, steamy rains hinder the the gates.""","Vũ khí đặc biệt được chế tạo cho Midnight Rangers để tưởng nhớ sự bảo vệ của họ dành cho Tiancheng. Một bài thơ ca ngợi họ: ""Nhìn về phía bắc thành phố hồ đến Desorocks, mưa hơi nước cản trở cổng thành.""",C?n ti?ng Anh nghi v?n: Desorocks; Midnight; Rangers; Tiancheng | S? t?/c?m nghi v?n: 4 | T? l? nghi v?n: 0.571 | M?c ??: 17.71
"A weapon specially made for the Midnight Rangers, to commemorate their guard for Tiancheng. A poem appreciates them: ""Look north of the city of lake to Desorocks, steamy rains hinder the the gates.""","Vũ khí đặc biệt được chế tạo cho Midnight Rangers để tưởng nhớ sự bảo vệ của họ dành cho Tiancheng. Một bài thơ ca ngợi họ: ""Nhìn về phía bắc thành phố hồ đến Desorocks, mưa hơi nước cản trở cổng thành.""",C?n ti?ng Anh nghi v?n: Desorocks; Midnight; Rangers; Tiancheng | S? t?/c?m nghi v?n: 4 | T? l? nghi v?n: 0.571 | M?c ??: 17.71
"DMG of all attributes are raised by {0}%. When normal attacks land, ATK and DEF are raised by {1}%, which lasts for {2} seconds. This can be stacked for max. {3} times and triggered once every {4} seconds.","DMG của tất cả thuộc tính được tăng {0}%. Khi Normal Attack trúng mục tiêu, ATK và DEF được tăng {1}% trong {2} giây. Hiệu ứng này có thể cộng dồn tối đa {3} lần và kích hoạt mỗi {4} giây.",C?n ti?ng Anh nghi v?n: Attack; Normal | S? t?/c?m nghi v?n: 2 | T? l? nghi v?n: 0.286 | M?c ??: 13.86
"For every Resonance Skill used, restore {0} Concerto Vibrancy. Can be triggered every 20 seconds.","Mỗi khi sử dụng Resonance Skill, phục hồi {0} Concerto Vibrancy. Có thể kích hoạt mỗi 20 giây.",C?n ti?ng Anh nghi v?n: Skill; Vibrancy | S? t?/c?m nghi v?n: 2 | T? l? nghi v?n: 0.4 | M?c ??: 13.0
"For every Resonance Skill used, restore {0} Concerto Vibrancy. Can be triggered every 20 seconds.","Mỗi khi sử dụng Resonance Skill, phục hồi {0} Concerto Vibrancy. Có thể kích hoạt mỗi 20 giây.",C?n ti?ng Anh nghi v?n: Skill; Vibrancy | S? t?/c?m nghi v?n: 2 | T? l? nghi v?n: 0.4 | M?c ??: 13.0
"For every Resonance Skill used, restore {0} Concerto Vibrancy. Can be triggered every 20 seconds.","Mỗi khi sử dụng Resonance Skill, phục hồi {0} Concerto Vibrancy. Có thể kích hoạt mỗi 20 giây.",C?n ti?ng Anh nghi v?n: Skill; Vibrancy | S? t?/c?m nghi v?n: 2 | T? l? nghi v?n: 0.4 | M?c ??: 13.0
"For every Resonance Skill used, restore {0} Concerto Vibrancy. Can be triggered every 20 seconds.","Mỗi khi sử dụng Resonance Skill, phục hồi {0} Concerto Vibrancy. Có thể kích hoạt mỗi 20 giây.",C?n ti?ng Anh nghi v?n: Skill; Vibrancy | S? t?/c?m nghi v?n: 2 | T? l? nghi v?n: 0.4 | M?c ??: 13.0
"For every Resonance Skill used, restore {0} Concerto Vibrancy. Can be triggered every 20 seconds.","Mỗi khi sử dụng Resonance Skill, phục hồi {0} Concerto Vibrancy. Có thể kích hoạt mỗi 20 giây.",C?n ti?ng Anh nghi v?n: Skill; Vibrancy | S? t?/c?m nghi v?n: 2 | T? l? nghi v?n: 0.4 | M?c ??: 13.0
"A weapon specially made for the Midnight Rangers, to commemorate their dedication. A poem appreciates them: ""should my body be lit, the flame will burn evil.""","Vũ khí đặc biệt được chế tạo cho Midnight Rangers để tưởng nhớ sự cống hiến của họ. Một bài thơ ca ngợi họ: ""Nếu thân ta được thắp sáng, ngọn lửa sẽ thiêu rụi cái ác.""",C?n ti?ng Anh nghi v?n: Midnight; Rangers | S? t?/c?m nghi v?n: 2 | T? l? nghi v?n: 0.4 | M?c ??: 10.0
"A weapon specially made for the Midnight Rangers, to commemorate their dedication. A poem appreciates them: ""should my body be lit, the flame will burn evil.""","Vũ khí đặc biệt được chế tạo cho Midnight Rangers để tưởng nhớ sự cống hiến của họ. Một bài thơ ca ngợi họ: ""Nếu thân ta được thắp sáng, ngọn lửa sẽ thiêu rụi cái ác.""",C?n ti?ng Anh nghi v?n: Midnight; Rangers | S? t?/c?m nghi v?n: 2 | T? l? nghi v?n: 0.4 | M?c ??: 10.0
"A weapon specially made for the Midnight Rangers, to commemorate their dedication. A poem appreciates them: ""should my body be lit, the flame will burn evil.""","Vũ khí đặc biệt được chế tạo cho Midnight Rangers để tưởng nhớ sự cống hiến của họ. Một bài thơ ca ngợi họ: ""Nếu thân ta được thắp sáng, ngọn lửa sẽ thiêu rụi cái ác.""",C?n ti?ng Anh nghi v?n: Midnight; Rangers | S? t?/c?m nghi v?n: 2 | T? l? nghi v?n: 0.4 | M?c ??: 10.0
"A weapon specially made for the Midnight Rangers, to commemorate their solid friendship. A poem appreciates them: ""Though thin clothes hardly resist frosty moons, armors take chill stars.""","Vũ khí đặc biệt được chế tạo cho Midnight Rangers để tưởng nhớ tình bạn vững chắc của họ. Một bài thơ ca ngợi họ: ""Dù áo mỏng khó chống chọi trăng sương, giáp trụ vẫn ôm lấy sao lạnh.""",C?n ti?ng Anh nghi v?n: Midnight; Rangers | S? t?/c?m nghi v?n: 2 | T? l? nghi v?n: 0.4 | M?c ??: 10.0
"A weapon specially made for the Midnight Rangers, to commemorate their solid friendship. A poem appreciates them: ""Though thin clothes hardly resist frosty moons, armors take chill stars.""","Vũ khí đặc biệt được chế tạo cho Midnight Rangers để tưởng nhớ tình bạn vững chắc của họ. Một bài thơ ca ngợi họ: ""Dù áo mỏng khó chống chọi trăng sương, giáp trụ vẫn ôm lấy sao lạnh.""",C?n ti?ng Anh nghi v?n: Midnight; Rangers | S? t?/c?m nghi v?n: 2 | T? l? nghi v?n: 0.4 | M?c ??: 10.0
"A weapon specially made for the Midnight Rangers, to commemorate their solid friendship. A poem appreciates them: ""Though thin clothes hardly resist frosty moons, armors take chill stars.""","Vũ khí đặc biệt được chế tạo cho Midnight Rangers để tưởng nhớ tình bạn vững chắc của họ. Một bài thơ ca ngợi họ: ""Dù áo mỏng khó chống chọi trăng sương, giáp trụ vẫn ôm lấy sao lạnh.""",C?n ti?ng Anh nghi v?n: Midnight; Rangers | S? t?/c?m nghi v?n: 2 | T? l? nghi v?n: 0.4 | M?c ??: 10.0
"A weapon specially made for the Midnight Rangers to commemorate their constant preparedness. A poem appreciates them: ""autumn dims in endless nights, starry spots stand ready.""","Vũ khí đặc biệt được chế tạo cho Midnight Rangers để tưởng nhớ sự sẵn sàng thường trực của họ. Một bài thơ ca ngợi họ: ""Thu tàn trong đêm vô tận, ánh sao sẵn sàng đứng canh.""",C?n ti?ng Anh nghi v?n: Midnight; Rangers | S? t?/c?m nghi v?n: 2 | T? l? nghi v?n: 0.25 | M?c ??: 8.5
"A weapon specially made for the Midnight Rangers to commemorate their constant preparedness. A poem appreciates them: ""autumn dims in endless nights, starry spots stand ready.""","Vũ khí đặc biệt được chế tạo cho Midnight Rangers để tưởng nhớ sự sẵn sàng thường trực của họ. Một bài thơ ca ngợi họ: ""Thu tàn trong đêm vô tận, ánh sao sẵn sàng đứng canh.""",C?n ti?ng Anh nghi v?n: Midnight; Rangers | S? t?/c?m nghi v?n: 2 | T? l? nghi v?n: 0.25 | M?c ??: 8.5
"A weapon specially made for the Midnight Rangers to commemorate their constant preparedness. A poem appreciates them: ""autumn dims in endless nights, starry spots stand ready.""","Vũ khí đặc biệt được chế tạo cho Midnight Rangers để tưởng nhớ sự sẵn sàng thường trực của họ. Một bài thơ ca ngợi họ: ""Thu tàn trong đêm vô tận, ánh sao sẵn sàng đứng canh.""",C?n ti?ng Anh nghi v?n: Midnight; Rangers | S? t?/c?m nghi v?n: 2 | T? l? nghi v?n: 0.25 | M?c ??: 8.5
"A weapon specially made for the Midnight Rangers to commemorate their courage. A poem appreciates them: ""A thousand noise transmit the news of war, and all the men are united in Gorges of spirit.","Vũ khí đặc biệt được chế tạo cho Midnight Rangers để tưởng nhớ lòng dũng cảm của họ. Một bài thơ ca ngợi họ: ""Ngàn tiếng vang truyền tin chiến trận, tất cả đều đoàn kết trong Hẻm Núi tinh thần.""",C?n ti?ng Anh nghi v?n: Midnight; Rangers | S? t?/c?m nghi v?n: 2 | T? l? nghi v?n: 0.25 | M?c ??: 8.5
"A weapon specially made for the Midnight Rangers to commemorate their courage. A poem appreciates them: ""A thousand noise transmit the news of war, and all the men are united in Gorges of spirit.","Vũ khí đặc biệt được chế tạo cho Midnight Rangers để tưởng nhớ lòng dũng cảm của họ. Một bài thơ ca ngợi họ: ""Ngàn tiếng vang truyền tin chiến trận, tất cả đều đoàn kết trong Hẻm Núi tinh thần.""",C?n ti?ng Anh nghi v?n: Midnight; Rangers | S? t?/c?m nghi v?n: 2 | T? l? nghi v?n: 0.25 | M?c ??: 8.5
"A weapon specially made for the Midnight Rangers to commemorate their courage. A poem appreciates them: ""A thousand noise transmit the news of war, and all the men are united in Gorges of spirit.","Vũ khí đặc biệt được chế tạo cho Midnight Rangers để tưởng nhớ lòng dũng cảm của họ. Một bài thơ ca ngợi họ: ""Ngàn tiếng vang truyền tin chiến trận, tất cả đều đoàn kết trong Hẻm Núi tinh thần.""",C?n ti?ng Anh nghi v?n: Midnight; Rangers | S? t?/c?m nghi v?n: 2 | T? l? nghi v?n: 0.25 | M?c ??: 8.5
"When flick is triggered, character's ATK is raised by {0}%. Lasts for {1} second. This effect can be stacked for max. {2} times.","Khi kích hoạt Flick, ATK của nhân vật tăng {0}%. Hiệu ứng kéo dài {1} giây. Hiệu ứng này có thể cộng dồn tối đa {2} lần.",C?n ti?ng Anh nghi v?n: Flick | S? t?/c?m nghi v?n: 1 | T? l? nghi v?n: 0.333 | M?c ??: 6.33
A Pistol made for training and teaching. Only essential capabilities.,Một Pistol được chế tạo cho việc huấn luyện và giảng dạy. Chỉ bao gồm các khả năng thiết yếu.,C?n ti?ng Anh nghi v?n: Pistol | S? t?/c?m nghi v?n: 1 | T? l? nghi v?n: 0.333 | M?c ??: 6.33
A Pistol made for training and teaching. Only essential capabilities.,Một Pistol được chế tạo cho việc huấn luyện và giảng dạy. Chỉ bao gồm các khả năng thiết yếu.,C?n ti?ng Anh nghi v?n: Pistol | S? t?/c?m nghi v?n: 1 | T? l? nghi v?n: 0.333 | M?c ??: 6.33
A Gun made for battle training. Only used for basic battles.,Một Gun được chế tạo cho huấn luyện chiến đấu. Chỉ dùng cho các trận chiến cơ bản.,C?n ti?ng Anh nghi v?n: Gun | S? t?/c?m nghi v?n: 1 | T? l? nghi v?n: 0.333 | M?c ??: 6.33
A Gauntlet made for training and teaching. Only essential capabilities.,Một Gauntlet được chế tạo cho việc huấn luyện và giảng dạy. Chỉ bao gồm các khả năng thiết yếu.,C?n ti?ng Anh nghi v?n: Gauntlet | S? t?/c?m nghi v?n: 1 | T? l? nghi v?n: 0.333 | M?c ??: 6.33
A Gauntlet made for training and teaching. Only essential capabilities.,Một Gauntlet được chế tạo cho việc huấn luyện và giảng dạy. Chỉ bao gồm các khả năng thiết yếu.,C?n ti?ng Anh nghi v?n: Gauntlet | S? t?/c?m nghi v?n: 1 | T? l? nghi v?n: 0.333 | M?c ??: 6.33
A Gauntlet made for battle training. Only used for basic battles.,Một Gauntlet được chế tạo cho huấn luyện chiến đấu. Chỉ dùng cho các trận chiến cơ bản.,C?n ti?ng Anh nghi v?n: Gauntlet | S? t?/c?m nghi v?n: 1 | T? l? nghi v?n: 0.333 | M?c ??: 6.33
"Code-name REGULARIZATION, Broadblade prototype, from the Huanglong next-gen mass-production weaponry project.","Mã hiệu REGULARIZATION, nguyên mẫu Broadblade, từ dự án vũ khí sản xuất hàng loạt thế hệ tiếp theo của Huanglong.",C?n ti?ng Anh nghi v?n: REGULARIZATION | S? t?/c?m nghi v?n: 1 | T? l? nghi v?n: 0.25 | M?c ??: 5.5
"Code-name REGULARIZATION, Broadblade prototype, from the Huanglong next-gen mass-production weaponry project.","Mã hiệu REGULARIZATION, nguyên mẫu Broadblade, từ dự án vũ khí sản xuất hàng loạt thế hệ tiếp theo của Huanglong.",C?n ti?ng Anh nghi v?n: REGULARIZATION | S? t?/c?m nghi v?n: 1 | T? l? nghi v?n: 0.25 | M?c ??: 5.5
"Code-name REGULARIZATION, Broadblade prototype, from the Huanglong next-gen mass-production weaponry project.","Mã hiệu REGULARIZATION, nguyên mẫu Broadblade, từ dự án vũ khí sản xuất hàng loạt thế hệ tiếp theo của Huanglong.",C?n ti?ng Anh nghi v?n: REGULARIZATION | S? t?/c?m nghi v?n: 1 | T? l? nghi v?n: 0.25 | M?c ??: 5.5
"Code-name SPEAR, Smallblade prototype, from the Huanglong next-gen mass-production weaponry project.","Mã hiệu SPEAR, nguyên mẫu Smallblade, từ dự án vũ khí sản xuất hàng loạt thế hệ tiếp theo của Huanglong.",C?n ti?ng Anh nghi v?n: SPEAR | S? t?/c?m nghi v?n: 1 | T? l? nghi v?n: 0.25 | M?c ??: 5.5
"Code-name SPEAR, Smallblade prototype, from the Huanglong next-gen mass-production weaponry project.","Mã hiệu SPEAR, nguyên mẫu Smallblade, từ dự án vũ khí sản xuất hàng loạt thế hệ tiếp theo của Huanglong.",C?n ti?ng Anh nghi v?n: SPEAR | S? t?/c?m nghi v?n: 1 | T? l? nghi v?n: 0.25 | M?c ??: 5.5
"Code-name SPEAR, Smallblade prototype, from the Huanglong next-gen mass-production weaponry project.","Mã hiệu SPEAR, nguyên mẫu Smallblade, từ dự án vũ khí sản xuất hàng loạt thế hệ tiếp theo của Huanglong.",C?n ti?ng Anh nghi v?n: SPEAR | S? t?/c?m nghi v?n: 1 | T? l? nghi v?n: 0.25 | M?c ??: 5.5
"Code-name SEQUENCE, Rectifier prototype, from the Huanglong next-gen mass-production weaponry project.","Mã hiệu SEQUENCE, nguyên mẫu Rectifier, từ dự án vũ khí sản xuất hàng loạt thế hệ tiếp theo của Huanglong.",C?n ti?ng Anh nghi v?n: SEQUENCE | S? t?/c?m nghi v?n: 1 | T? l? nghi v?n: 0.25 | M?c ??: 5.5
"Code-name SEQUENCE, Rectifier prototype, from the Huanglong next-gen mass-production weaponry project.","Mã hiệu SEQUENCE, nguyên mẫu Rectifier, từ dự án vũ khí sản xuất hàng loạt thế hệ tiếp theo của Huanglong.",C?n ti?ng Anh nghi v?n: SEQUENCE | S? t?/c?m nghi v?n: 1 | T? l? nghi v?n: 0.25 | M?c ??: 5.5
"Code-name SEQUENCE, Rectifier prototype, from the Huanglong next-gen mass-production weaponry project.","Mã hiệu SEQUENCE, nguyên mẫu Rectifier, từ dự án vũ khí sản xuất hàng loạt thế hệ tiếp theo của Huanglong.",C?n ti?ng Anh nghi v?n: SEQUENCE | S? t?/c?m nghi v?n: 1 | T? l? nghi v?n: 0.25 | M?c ??: 5.5
The Beginning of Revolution Waves. A Smallblade specially made for beginner Resonators. Contains a power not to be underestimated under its simple outlook.,Khởi Đầu Của Những Waves Cách Mạng. Một lưỡi Smallblade được chế tạo đặc biệt cho Resonators mới. Ẩn chứa sức mạnh không thể xem thường dưới vẻ ngoài đơn giản.,C?n ti?ng Anh nghi v?n: Waves | S? t?/c?m nghi v?n: 1 | T? l? nghi v?n: 0.2 | M?c ??: 5.0
The Beginning of Revolution Waves. A Smallblade specially made for beginner Resonators. Contains a power not to be underestimated under its simple outlook.,Khởi Đầu Của Những Waves Cách Mạng. Một lưỡi Smallblade được chế tạo đặc biệt cho Resonators mới. Ẩn chứa sức mạnh không thể xem thường dưới vẻ ngoài đơn giản.,C?n ti?ng Anh nghi v?n: Waves | S? t?/c?m nghi v?n: 1 | T? l? nghi v?n: 0.2 | M?c ??: 5.0
